name,apt_rating,apt_contact,apt_image
Town Center_3b2b,4,(844) 803-0730,https://image4.apartmentfinder.com/i2/LyfBQX70sEigGH-mJwnlAmGJWIeBxwH2pPOsJQx8irQ/118/town-center-champaign-il-pool.jpg
Nantucket Cove_4b3b,4,(844) 265-2223,https://image1.apartmentfinder.com/i2/Kfw2i8SzMX81VG8NGNZM1ZsIgKkGs43kMfx2Q9-XNPw/118/nantucket-cove-champaign-il-nantucket-cove-apartment-homes.jpg
The Legends Apartments_3b2b,5,(844) 822-1226,https://image1.apartmentfinder.com/i2/HwQVF04D3Ozo25BnyhTwfBMJfR0Jf9V_RDP1e2_EPls/118/the-legends-apartments-champaign-il-primary-photo.jpg
Westgate Apartments_2b1b,4,(217) 305-7752,https://image4.apartmentfinder.com/i2/kSxX8iWiUcYDV8ACG9wdBqx12fwrn9WyKPIvI3wLZnM/118/westgate-apartments-champaign-il-pool.jpg
Baytowne Apartments_2b2.5b,5,(844) 834-6687,https://image2.apartmentfinder.com/i2/kjSKbBuD7Wu1XHKilTbpA4hjcJrEiyUTUYVbJfrlW5w/118/baytowne-apartments-champaign-il-lake-and-beach.jpg
Hunters Pond Apartment Homes_2b2b,4,(877) 653-5870,https://image2.apartmentfinder.com/i2/1u_-q14NpLskXjWi1cG0Rj5v4DDSqi6qxAvcVHyPic0/118/hunters-pond-apartment-homes-champaign-il-building.jpg
Ginger Creek_2b2b,4,(844) 308-6230,https://image2.apartmentfinder.com/i2/Sd9ziqQM_i7XSRwNCftA4dq91MgPmY4Ky-X96oBF8Ok/118/ginger-creek-champaign-il-primary-photo.jpg
Stonegate Village_2b1.5b,5,(844) 308-8354,https://image3.apartmentfinder.com/i2/kF47QreD0L9913L6gbB5RAaI1BxaVk0tACXY_JQIwlU/118/stonegate-village-champaign-il-pool.jpg
Stadium View Apartments_5b2b,4,(217) 305-4427,https://image2.apartmentfinder.com/i2/kkpUtjbEAeCOzavPgrgdswLjFHpqWx3ViB_g-8s3-5E/118/stadium-view-apartments-champaign-il-primary-photo.jpg
Tuscany Ridge Townhome_3b3b,2,(217) 305-7684,https://image1.apartmentfinder.com/i2/fhahYK4ER3ELXX1i1caYPeeSPbZVVUnKD-7UBjG2M_A/118/tuscany-ridge-townhome-champaign-il-2-bedroom---kitchen.jpg
Castle on Locust- INDIVIDUAL LEASES AVAILABLE_4b2b,5,(844) 565-2453,https://image2.apartmentfinder.com/i2/RoQg0LNiDcJ3odgZ-8XqgIPW4HX4cHLuCkRLg_dlMNI/118/castle-on-locust--individual-leases-available-champaign-il-primary-photo.jpg
Maywood Apartments_4b2b,4,(844) 298-4230,https://image2.apartmentfinder.com/i2/5qprPZNdoVqeb_GoTEtJEz--xI9nqTAtE3WmeNipn4Y/118/maywood-apartments-champaign-il-primary-photo.jpg
Midtown Lofts_4b3b,5,(217) 305-7021,https://image3.apartmentfinder.com/i2/RaEBi5s4imKrEa8jGGWtTACPkF4NYSvPNO6PGib-xEg/118/midtown-lofts-champaign-il-primary-photo.jpg
Midtown Plaza - BRAND NEW_2b2b,5,(217) 305-7669,https://image4.apartmentfinder.com/i2/-QDOcVPK6iqGc6WolkhelrXXQKSWfCoD4rLjumoj44M/118/midtown-plaza---brand-new-champaign-il-primary-photo.jpg
South West Apartments - ONE MONTH FREE RENT_2b1b,4,(217) 318-0978,https://image3.apartmentfinder.com/i2/icP9nlafaxMB6C5EQV3iAD8z3PfTCgyIxGmzswtrIm8/118/south-west-apartments---one-month-free-rent-champaign-il-primary-photo.jpg
Windcrest Apartments_2b1b,3,(844) 241-6752,https://image1.apartmentfinder.com/i2/Qe-eyo7ZVg7QzCSWt_TgZHvpWnz-WAGshliAnN5dD9w/118/windcrest-apartments-champaign-il-primary-photo.jpg
212 East_4b2b,5,(217) 689-4928,https://image4.apartmentfinder.com/i2/ODFUMjjkEfVf9W2m_jEu01tudWxMB7DUISU75jsmYYc/118/212-east-champaign-il-primary-photo.jpg
Fields South_2b1b,5,(217) 305-4527,https://image3.apartmentfinder.com/i2/t3Y3Hbt-FJRTvmbeMolkTciUpVbiPUhma6Cen0tP8v8/118/fields-south-champaign-il-primary-photo.jpg
WatersEdge Apartments_3b2b,5,(217) 305-7769,https://image3.apartmentfinder.com/i2/bRqY_reOO1wKkt9W7NalGvn5hu8_hR-qlbHoeyRTiws/118/watersedge-apartments-champaign-il-primary-photo.jpg
Furnished Studio – Champaign - Urbana_1b1b,3,(217) 318-0942,https://image2.apartmentfinder.com/i2/6pbvt3_z9iJjNylIyB2Psy4KFxQPd_6tCHlyLtouxbA/118/furnished-studio-champaign---urbana-champaign-il-primary-photo.jpg
Colonial Village_3b1.5b,4,(217) 318-0987,https://image2.apartmentfinder.com/i2/JbV3E6_FQ7g-fMulS0BgkN5knonXCZMvufsh8I6N7Eo/118/colonial-village-champaign-il-primary-photo.jpg
Westwood Village_1b1b,4,(217) 305-7110,https://image4.apartmentfinder.com/i2/gEWK92uOVIbvk3N9JmktsE0cVY_SJpvX-ILqthzWItI/118/westwood-village-champaign-il-primary-photo.jpg
Continental Plaza_3b1.5b,4,(217) 305-7097,https://image2.apartmentfinder.com/i2/KiCpeGcuLjbmwBf1tY4_UzYvJQAIBUwQs3zkV4X_RVc/118/continental-plaza-champaign-il-continental-plaza-apartments.jpg
Prestwick Point_2b2b,5,(217) 305-7664,https://image2.apartmentfinder.com/i2/_3tlC9olqU2lk5ba34qrBRAbQ6ZMAPbC4BbcLCI8qaE/118/prestwick-point-champaign-il-builidng.jpg
205 E Healey St_1b1b,4,(855) 850-4079,https://image3.apartmentfinder.com/i2/OTewAVH7T8N_NLAv6dUe4_DWtlzPZ6AfzToVFA09VBo/118/205-e-healey-st-champaign-il-primary-photo.jpg
706 S Locust St_2b1b,4,(844) 898-7871,https://image3.apartmentfinder.com/i2/YUbeFBl8KKSxg38DKdDMhl4RlxCR8miLFTSHkmnn1Nk/118/706-s-locust-st-champaign-il-primary-photo.jpg
Crowwood Point Apartments_2b2b,5,(217) 305-7834,https://image2.apartmentfinder.com/i2/fIxj-oEnvxa1kjeOAAiyZq6xzsmWGxilvwCJRf0DYW0/118/crowwood-point-apartments-champaign-il-primary-photo.jpg
Next Chapter -507 Second_4b4b,5,(844) 528-5726,https://image1.apartmentfinder.com/i2/ySde0E_kwITf0W0-GXBnYCxp_-Es8KqDShIydqonG4g/118/next-chapter--507-second-champaign-il-507-second---terraces-on-second.jpg
Next Chapter -75 Armory_4b2b,4,(217) 305-7830,https://image2.apartmentfinder.com/i2/TC6QQuZ7A3zIeMbaHQbjLAiNF3QoVznoIPVGWVnt4r0/118/next-chapter--75-armory-champaign-il-primary-photo.jpg
Next Chapter -305 Daniel_4b3b,4,(844) 626-4630,https://image2.apartmentfinder.com/i2/cOAdNvqtGkz4cEnfLxrXau1H2m0x1wqKUkvBdCIiPiE/118/next-chapter--305-daniel-champaign-il-building.jpg
Next Chapter -217 South_2b2b,5,(877) 930-2993,https://image1.apartmentfinder.com/i2/izrRAPtTjxHftVX7Af0M9QVuYgajd38EOvzQGqDEhmY/118/next-chapter--217-south-champaign-il-217-south-apartments.jpg
Gentry Square Apartments_2b2.5b,5,(217) 305-7798,https://image3.apartmentfinder.com/i2/cRrQA1dXvj-WZRnic4Hfavfk88s48xZEvOFiGmHfkrA/118/gentry-square-apartments-champaign-il-exterior---pool-and-sundeck.jpg
Regency West_3b1b,4,(844) 443-7164,https://image4.apartmentfinder.com/i2/q_-svQjpDXMHHrfOtqIIIM3TtgiTy7TAOSdxjQ-yHwA/118/regency-west-champaign-il-primary-photo.jpg
The Courtyard on Randolph_3b1b,4,(844) 206-1889,https://image1.apartmentfinder.com/i2/QnBoPP-FblD4Oz1LDBdIHQJ-n-qd5fNyXRTmIzYNLxk/118/the-courtyard-on-randolph-champaign-il-primary-photo.jpg
Parkland Point_4b4b,5,(877) 450-5929,https://image3.apartmentfinder.com/i2/cndCdF9jcW7tukIOlyiN4lVpuRmK5Z7VturZ9yUmWRA/118/parkland-point-champaign-il-leasing-office-clubhouse.jpg
Gramercy Park Apartments_2b1b,4,(844) 835-0803,https://image3.apartmentfinder.com/i2/i74R9nzENQlJtA7QgBs2WKhmVTMbpYZZcCjSpOYgL6U/118/gramercy-park-apartments-champaign-il-2-bedroom-kitchen.jpg
Colony West_3b1.5b,4,(217) 305-7671,https://image2.apartmentfinder.com/i2/-RAaYxQdFNvw587qx687V5ts7Fh1xKtBJ48dpnojAas/118/colony-west-champaign-il-primary-photo.jpg
Colony Court_3b1b,3,(217) 305-7651,https://image2.apartmentfinder.com/i2/3PnRMH4ZbLqkJ1YQ0m8eEdnJFSjDGf5yT2fhegDIHQk/118/colony-court-champaign-il-primary-photo.jpg
Flats on White_4b2b,4,(217) 305-4407,https://image2.apartmentfinder.com/i2/dHl6fHht87Wydf_m3jdLGIySMJwF7ZfCvQWH-esxHWg/118/flats-on-white-champaign-il-primary-photo.jpg
905 Lofts_2b1b,4,(217) 305-4330,https://image2.apartmentfinder.com/i2/2cre-VOaCikstYs9DENOunigKKX90Ikt9Ml0OE51uqA/118/905-lofts-champaign-il-primary-photo.jpg
Victoria Point_3b2b,5,(877) 786-4856,https://image1.apartmentfinder.com/i2/895s9bD4OneVjdkC0-GLgGgsvQLw3ACSfJPMXkp9drM/118/victoria-point-champaign-il-primary-photo.jpg
Smith Apartments @ 1004 South Locust_2b1b,3,(217) 305-7784,https://image3.apartmentfinder.com/i2/ZCXeN28y19fovaXkEWkGELa9698VaUgd1oUWjezoGIs/118/smith-apartments-1004-south-locust-champaign-il-primary-photo.jpg
Windsor West Apartments_3b3b,5,(217) 318-0939,https://image2.apartmentfinder.com/i2/-4FMDGte1OUpYwFYrn21B5q7R8tubcbz4wZz4iCCMoM/118/windsor-west-apartments-champaign-il-primary-photo.jpg
Skyline Tower_3b3b,5,(217) 305-7101,https://image1.apartmentfinder.com/i2/U-5k3Sygw0U-q2JrYcaHtIYR3BSx1vUPnONukYmZmLM/118/skyline-tower-champaign-il-primary-photo.jpg
1008 S. Fourth_4b4b,5,(844) 893-3443,https://image2.apartmentfinder.com/i2/_2P-2GmdkjHLI4ItfMyBjaWdi30byCyxOBndJwnedj0/118/1008-s-fourth-champaign-il-primary-photo.jpg
Hessel on the Park_2b1.5b,3,(217) 318-3731,https://image2.apartmentfinder.com/i2/kj3K9arWGZfKgBwqrOR-vKjKeW7kxnUT6CWazhATasU/118/hessel-on-the-park-champaign-il-hessel-on-the-park-apartments-townhomes.jpg
512 Green_4b3b,4,(217) 600-6320,https://image3.apartmentfinder.com/i2/IdXhaTabspRf1dHH2VXDYuc4Y8-OCjTph7OsE51trcg/118/512-green-champaign-il-primary-photo.jpg
Latitude Apartments_4b4b,4,(844) 712-6077,https://image2.apartmentfinder.com/i2/Ow7j87-l5mvK6D1nLTyFNOwRyXRxhwJNi16W3ci6s5Y/118/latitude-apartments-champaign-il-primary-photo.jpg
112 Green_4b2b,5,(217) 689-0514,https://image4.apartmentfinder.com/i2/toBb8lnziy5qQ_GMsrfz0qSm1YbttepLRTccUSq3fBU/118/112-green-champaign-il-primary-photo.jpg
907 Third_4b2b,3,(217) 305-7031,https://image2.apartmentfinder.com/i2/7AL5SVLruUeqdSmKhRhppvBn0u2F_2bApZOcO6StrfM/118/907-third-champaign-il-primary-photo.jpg
205 E University Ave_4b2b,5,(217) 689-1643,https://image1.apartmentfinder.com/i2/SJwVpSAHKv9nIBR_1QCjme4KFFAX6vMTECQJZhlcCFM/118/205-e-university-ave-champaign-il-primary-photo.jpg
609 S. Randolph_4b4b,4,(217) 305-7805,https://image3.apartmentfinder.com/i2/VzKKN8frNtQCjU4B7qSmHxUQgspOrtGX9sWH9LAtdN4/118/609-s-randolph-champaign-il-primary-photo.jpg
Tuscany Cove_3b1b,4,(217) 305-7662,https://image4.apartmentfinder.com/i2/TR9aL2oV8Cx6ADBGIxVuaumQ6mkC2zQifJy8OSl4r6c/118/tuscany-cove-champaign-il-primary-photo.jpg
Smith Apartments @ 201 East Armory_2b1b,0,(844) 741-8196,https://image4.apartmentfinder.com/i2/fraHBXEu1nM7hduLK7iKcIaKfxc6vddmCC08JyPWs4M/118/smith-apartments-201-east-armory-champaign-il-primary-photo.jpg
Garden Court Apartments_2b1.5b,4,(217) 305-7646,https://image2.apartmentfinder.com/i2/JlM5wsn3iN2i8l9q01PSgorfYfFlTvEw1fbKRSSobwo/118/garden-court-apartments-champaign-il-courtyard.jpg
Smith Apartments @ 53 East Chalmers_2b2b,5,(844) 741-8210,https://image3.apartmentfinder.com/i2/CU0hVwWts_M0_ZxeUZyp0jg-SLk_7NepG9dpwlGdoM8/118/smith-apartments-53-east-chalmers-champaign-il-primary-photo.jpg
201 West Green Street - BRAND NEW_2b2b,4,(217) 903-4603,https://image3.apartmentfinder.com/i2/rfbcjz5v235sCqgokBhXhtQ28q45bBS_qO3FouUk-W0/118/201-west-green-street---brand-new-champaign-il-primary-photo.jpg
Mattis North Apartments_3b1b,4,(217) 305-7810,https://image3.apartmentfinder.com/i2/22p5f_A38fdp9t6Y4b6VoAh2Ou5c2K6gdUIftnhDvAA/118/mattis-north-apartments-champaign-il-primary-photo.jpg
101 E Green St_4b1.5b,5,(217) 305-4353,https://image2.apartmentfinder.com/i2/lE2X_AWKW5Y4dqOkBaE07XqJVCFfveC3C6i6QNtSF9U/118/101-e-green-st-champaign-il-primary-photo.jpg
Twin Oaks Apartments_1b1b,5,(217) 305-7764,https://image3.apartmentfinder.com/i2/Rf00-4avCqhtuJsmc1n0ZiwZipkA0igFcPvhuvVe-UM/118/twin-oaks-apartments-champaign-il-twin-oaks.jpg
Wellington Place Apartments_3b1.5b,5,(217) 305-7370,https://image1.apartmentfinder.com/i2/2SG0vMWMd-u4OG2knzLzJOvscIvSObVIjH0C0xjDXmo/118/wellington-place-apartments-champaign-il-primary-photo.jpg
"Hessel Park Centre Apts - JSJ, INC_2b1b",3,(217) 305-7672,https://image4.apartmentfinder.com/i2/PKirzFmoJTYfzty3YVmEhAXbzRkURDXHqIL6SuLy0Lw/118/hessel-park-centre-apts---jsj-inc-champaign-il-primary-photo.jpg
Carisbrooke Apartments_2b1.5b,5,(217) 305-7714,https://image1.apartmentfinder.com/i2/a8JXSJRoPfaFSV4GELGP4SzUYGZ1cq4nIMpTmScMnRQ/118/carisbrooke-apartments-champaign-il-primary-photo.jpg
1702 Maynard Dr_3b1.5b,0,(217) 643-8018,https://image3.apartmentfinder.com/i2/VFWQxhgF0Qngz3Jb1oKagvV74Nqokpt2-cLJKS0SsLA/117/1702-maynard-dr-champaign-il-primary-photo.jpg
611 Crescent Dr_1b1b,0,(217) 305-7742,https://image1.apartmentfinder.com/i2/yeR-sxnnr7tjAtvZZrzHjU3BSe_h5ohyvusnbDQjb2I/117/611-crescent-dr-champaign-il-primary-photo.jpg
210 W Washington St_4b2b,0,(844) 408-8659,https://image2.apartmentfinder.com/i2/S-p2MuUC7cna8Ht1NnARI_lsbG_ze1pBGSIHMg5ctog/117/210-w-washington-st-champaign-il-primary-photo.jpg
308 E Clark St_4b2b,0,(217) 305-7117,https://image3.apartmentfinder.com/i2/rLPXAFCe6ueXm0yvXjAkZzjr_QDzuCVA93Th_6suVZc/117/308-e-clark-st-champaign-il-primary-photo.jpg
1119 Plymouth Dr_1b1b,0,(217) 305-7761,https://image4.apartmentfinder.com/i2/5Km95mF7SL1DpwUq-cA9OHKK0Gp7dSWEicHugOBJkLk/117/1119-plymouth-dr-champaign-il-primary-photo.jpg
605 S 4th St_0b1b,0,(217) 689-0959,https://image1.apartmentfinder.com/i2/Re5MA-2zgRL2bFsPynLNWrT30qgHXGFH-C02rbZTOmY/117/605-s-4th-st-champaign-il-primary-photo.jpg
310 E Chalmers St_2b1b,0,(217) 305-4613,https://image3.apartmentfinder.com/i2/dwi4P7SnH3iARxtNBhg_vSnpDvatRFMLI1qhQd0vWJI/117/310-e-chalmers-st-champaign-il-primary-photo.jpg
107 E Daniel St_4b2b,0,(217) 689-4464,https://image1.apartmentfinder.com/i2/FNl_p466vsXufrHiebKQd57UDdGlTY19RXgx-0ckfR8/117/107-e-daniel-st-champaign-il-primary-photo.jpg
107 S Wright St_3b1b,0,(844) 254-5392,https://image4.apartmentfinder.com/i2/iTIDe16CdmEbaHSZ94kygKusOtsO5SlNgPTH4vJSIu4/117/107-s-wright-st-champaign-il-primary-photo.jpg
202 W Columbia Ave_1b1b,0,(217) 600-6278,https://image2.apartmentfinder.com/i2/VHDwnAx5vzT8NT02EmKUKd3bBrYUj0_uDThprpjDPj4/117/202-w-columbia-ave-champaign-il-primary-photo.jpg
801 S 4th St_2b1b,0,(217) 305-7720,https://image4.apartmentfinder.com/i2/BnDV6odRFplQgJJG3-Tlk2bXxwS48-BkXDntwwULLns/117/801-s-4th-st-champaign-il-primary-photo.jpg
1012 S 1st St_2b1b,0,(217) 305-7665,https://image2.apartmentfinder.com/i2/NeWDKt2F8T1qihc7OhZMKxDRSU6665-XmrLc20iwTl8/117/1012-s-1st-st-champaign-il-primary-photo.jpg
605 S 4th St_2b1b,0,(217) 600-6290,https://image1.apartmentfinder.com/i2/g1KB5YT1Yexj9bUENQzwdjFHmxCfpofo9FBv03yHRUE/117/605-s-4th-st-champaign-il-primary-photo.jpg
107 S Wright St_5b2b,0,(217) 689-1347,https://image4.apartmentfinder.com/i2/s7wQXQbdAx6Tk3l8uyksmqhRhyZsk6QxYYnPZe1dIOg/117/107-s-wright-st-champaign-il-primary-photo.jpg
202 W Columbia Ave_2b1b,0,(217) 305-7079,https://image2.apartmentfinder.com/i2/QHWgXzZoKALr5qfO3QanGW511VtrpZhXiN28PqJ7cos/117/202-w-columbia-ave-champaign-il-primary-photo.jpg
208 W Washington St_4b2b,0,(217) 305-7543,https://image1.apartmentfinder.com/i2/3eZTZcs1xOFLB6w4vkOKECiw3H7lNfPlTQ1IaLgZAOc/117/208-w-washington-st-champaign-il-primary-photo.jpg
1119 Plymouth Dr_2b2b,0,(217) 305-7655,https://image1.apartmentfinder.com/i2/ONPZUz0_q3fnYw_2L4uP6gzhfDFCixbQXAdEEgecTzM/117/1119-plymouth-dr-champaign-il-primary-photo.jpg
1012 S 1st St_2b1b,0,(844) 298-5490,https://image1.apartmentfinder.com/i2/FTWklW9orQrGHnMF7m9Nu3awjmqzb7eFcND_ESULGfE/117/1012-s-1st-st-champaign-il-primary-photo.jpg
107 S Wright St_3b1b,0,(217) 689-1240,https://image1.apartmentfinder.com/i2/1FzNpS55FBU8-zHgiy9anzFQ3dJf5nbrlFA_AZF6FZI/117/107-s-wright-st-champaign-il-primary-photo.jpg
202 W Columbia Ave_2b1b,0,(217) 305-4381,https://image4.apartmentfinder.com/i2/U3ndM-jIEuLWCgE4UJeKKC9ZkwYthKkTr5Mg8u45F_s/117/202-w-columbia-ave-champaign-il-primary-photo.jpg
310 E Chalmers St_2b1b,0,(217) 689-4219,https://image4.apartmentfinder.com/i2/BGMq7va-6M9wWeD9wOyi8GNtCqqiKuO8VFxOJO_-jfM/117/310-e-chalmers-st-champaign-il-primary-photo.jpg
107 S Wright St_0b1b,0,(217) 318-0859,https://image4.apartmentfinder.com/i2/o6lukz5zcgu-BuHrNn9xdCI67u1hXqFjg0ifBwOGKzg/117/107-s-wright-st-champaign-il-primary-photo.jpg
202 W Columbia Ave_1b1b,0,(217) 689-1296,https://image4.apartmentfinder.com/i2/x6HFOq9a1iMKV7EvAc_NWXIVv5JKsT5AulCHYmrpRrE/117/202-w-columbia-ave-champaign-il-primary-photo.jpg
107 E Daniel St_4b2b,0,(217) 305-7411,https://image2.apartmentfinder.com/i2/QOqhzBpkvs44YeGsputEpsmiVvL_qKb9KT3ArCyF-tg/117/107-e-daniel-st-champaign-il-primary-photo.jpg
107 E Daniel St_4b2b,0,(217) 866-0006,https://image2.apartmentfinder.com/i2/Y66boZf3X8qin9VdTUhZKUJAPt7YT4UhkAUoDR2PtCc/117/107-e-daniel-st-champaign-il-primary-photo.jpg
107 E Daniel St_4b2b,0,(217) 305-4623,https://image3.apartmentfinder.com/i2/0kKD9a5Ugdrnb4BkLAIyzQvY27qGpj6W5MH91yqCgRI/117/107-e-daniel-st-champaign-il-primary-photo.jpg
506 E White St_2b1b,0,(217) 689-1174,https://image1.apartmentfinder.com/i2/u2BmxVMt7YcjXwoqVC25vhV1pFQQuk05kQhICBv2CAg/117/506-e-white-st-champaign-il-primary-photo.jpg
506 E White St_3b1b,0,(844) 693-1378,https://image2.apartmentfinder.com/i2/F3BU1GMREe0vVkcY1KY8T3WWYYj3NZ445-o6q2N9wV0/117/506-e-white-st-champaign-il-primary-photo.jpg
805 S Locust St_4b1b,0,(844) 838-7376,https://image4.apartmentfinder.com/i2/XrN2-Lchn0vFpq8HuLdKVaMbtNzENVi-SeoA5Lo4sGk/117/805-s-locust-st-champaign-il-primary-photo.jpg
805 S Locust St_4b1b,0,(217) 305-4426,https://image2.apartmentfinder.com/i2/cIJkMMvFy1fv6UhUCWXcQQA-SQiQUJ621Yx6FyEHlwY/117/805-s-locust-st-champaign-il-primary-photo.jpg
750 Sedgegrass Dr_3b2.5b,0,(855) 830-0331,https://image3.apartmentfinder.com/i2/MbWjpYMixO5Wss4I8ME03Wpnw3Fwk1JBxWI6FuGZ5I8/117/750-sedgegrass-dr-champaign-il-primary-photo.jpg
2401 Clayton Blvd_1b1b,0,(217) 600-6282,https://image3.apartmentfinder.com/i2/yA0QMD0xWmqXVsNc5QRqepGBspYIHDRgoNAAnc3CpYY/117/2401-clayton-blvd-champaign-il-primary-photo.jpg
1516 Stonebluff Ct_3b2.5b,0,(844) 359-8450,https://image1.apartmentfinder.com/i2/3dawc39KtsCvMwc93d45ySlGf17DfGt45G8tK1owFVE/117/1516-stonebluff-ct-champaign-il-primary-photo.jpg
2401 Clayton Blvd_0b1b,0,(217) 305-4560,https://image1.apartmentfinder.com/i2/8139nntadq1XteVcJ0YeT4MRtk5ZmtvZ6zOO9JTcYDI/117/2401-clayton-blvd-champaign-il-primary-photo.jpg
756 Sedgegrass Dr_3b2.5b,0,(844) 867-4373,https://image3.apartmentfinder.com/i2/WT1Qz2CHmeTAgosZdz-3qE04GKO-rwirFz88H02LWA4/117/756-sedgegrass-dr-champaign-il-primary-photo.jpg
1518 Greyrock Ln_3b2.5b,0,(844) 337-6619,https://image2.apartmentfinder.com/i2/wgeGvc_qLEPd18BK3EYkETrfIhKElJPbVlGMSEEBYdM/117/1518-greyrock-ln-champaign-il-primary-photo.jpg
1404 Cobblestone Way_3b2.5b,0,(844) 340-4639,https://image2.apartmentfinder.com/i2/5_zDlq6LmsUuVwsw6SFpewkPQ-dvD0exbpoUn8N4xOs/117/1404-cobblestone-way-champaign-il-primary-photo.jpg
752 Sedgegrass Dr_3b2.5b,0,(855) 208-7162,https://image4.apartmentfinder.com/i2/PgCeXLOK0P89UA0e3eHGdHHBBsW1tYahmRl2o7Z0eCU/117/752-sedgegrass-dr-champaign-il-primary-photo.jpg
1515 W Kirby Ave_2b1.5b,0,(217) 305-7673,https://image2.apartmentfinder.com/i2/xyQ6sdDoyhTJXHZ9-NSzHLHgxwk84QdcjQhRfjUlNEw/117/1515-w-kirby-ave-champaign-il-primary-photo.jpg
1204 W Bradley Ave_3b1b,0,(217) 305-4105,https://image4.apartmentfinder.com/i2/PVJwvBotaerjwH90nNIl-jA9kaMjrAKYWyuKI2CqfaM/117/1204-w-bradley-ave-champaign-il-primary-photo.jpg
2401 Clayton Blvd_2b2b,0,(217) 305-4221,https://image1.apartmentfinder.com/i2/TQLDyDyZGEjKDaiE8kCDxfk013jTvCZJiwT9cbbKufM/117/2401-clayton-blvd-champaign-il-primary-photo.jpg
410 E Park St_5b5b,0,(217) 318-3713,https://image2.apartmentfinder.com/i2/u-1x3f6Y5KnnXxc20VLFcOk5nBG1AXDRQ-e6zMvPIJY/117/410-e-park-st-champaign-il-primary-photo.jpg
1001 N Walnut St_4b3b,0,(217) 689-2571,https://image1.apartmentfinder.com/i2/vjRUotvI2LXt0PNkhcgDiBHDAqCF2OK0HHN91ciYsWg/117/1001-n-walnut-st-champaign-il-primary-photo.jpg
210 E Park St_4b3b,0,(217) 305-4430,https://image3.apartmentfinder.com/i2/Zsft-vIPkak_fd09zhOil2jFJp5Siy5GwWBkWYl7Fkg/117/210-e-park-st-champaign-il-primary-photo.jpg
1515 W Kirby Ave_2b1.5b,0,(217) 866-0021,https://image4.apartmentfinder.com/i2/atvpwfAFntTHzXWAQalvFgkpyjeIUGWhdvrwqRJnT1U/117/1515-w-kirby-ave-champaign-il-primary-photo.jpg
735 S Mattis Ave_3b1.5b,0,(217) 866-1074,https://image2.apartmentfinder.com/i2/Noft7gT8C-SacVoblwLxUH413APAWQX04okYSfTeTI0/117/735-s-mattis-ave-champaign-il-primary-photo.jpg
622 W Clark St_2b1b,0,(217) 305-7956,https://image4.apartmentfinder.com/i2/fG8yvbRoR84UWB9Q8cG5llgV73Hco3PZbGopiUqPpIc/117/622-w-clark-st-champaign-il-primary-photo.jpg
1801 W John St_3b1.5b,0,(217) 600-6295,https://image1.apartmentfinder.com/i2/WsKlelKqjDZ_TR_RidbYcy8mpxMXeLSVAVYWVjj0vXU/117/1801-w-john-st-champaign-il-primary-photo.jpg
116 N Walnut St_2b1b,0,(217) 318-3701,https://image2.apartmentfinder.com/i2/2qqIY4tXavHakTdlebI6K-X5z14AlfXHPwNhssB3t2E/117/116-n-walnut-st-champaign-il-primary-photo.jpg
2006 Parkdale Dr_3b1b,0,(217) 305-4369,https://image1.apartmentfinder.com/i2/R28-gK0qhQRi9lb12QnLz1Rn3QI0Mkm4Iyo-4JqJd10/117/2006-parkdale-dr-champaign-il-primary-photo.jpg
1831 Parkdale Dr_3b1.5b,0,(844) 654-1168,https://image4.apartmentfinder.com/i2/pfVYAXoL2QZ8D4nVrFVj4ALbf-XrOd8xCR_j0QG7fBk/117/1831-parkdale-dr-champaign-il-primary-photo.jpg
1402 Myrtle Beach Ave_3b2.5b,0,(217) 305-7708,https://image3.apartmentfinder.com/i2/qYOjH8wmlZqdsbYPtsIT7nzUpUM70lx2T0taR1xoBOM/117/1402-myrtle-beach-ave-champaign-il-primary-photo.jpg
1106 Hickory St_4b2.5b,0,(217) 689-2362,https://image3.apartmentfinder.com/i2/wVQwNdrgtLqfIyKV7C39hec4UQJh0vwQft7WHRX4eY8/117/1106-hickory-st-champaign-il-primary-photo.jpg
2405 Lawndale Dr_3b1b,0,(217) 305-7685,https://image3.apartmentfinder.com/i2/OOx2AsGQLd44IX41wPOUqB7NRC-aBdsv27iztzTXOWE/117/2405-lawndale-dr-champaign-il-primary-photo.jpg
1513 W Kirby Ave_3b1.5b,0,(217) 305-4410,https://image1.apartmentfinder.com/i2/yXQyX5KlvSqxM--qrxQ_7WzsYNhMIWo3U1ob9eJ907g/117/1513-w-kirby-ave-champaign-il-primary-photo.jpg
1406 Bluegrass Ln_4b2.5b,0,(217) 305-7734,https://image3.apartmentfinder.com/i2/jd8HpTHuRYOHDIP0m-L7MQPOB_umIB32nCroFHDU1bE/117/1406-bluegrass-ln-champaign-il-primary-photo.jpg
503 E Springfield Ave_1b1b,0,(855) 543-6055,https://image4.apartmentfinder.com/i2/QgRhJHIJRBT_8_-I6BXI_D7dHDOOPaCN1K-XPawtYo0/117/503-e-springfield-ave-champaign-il-street-view.jpg
507 W Kirby Ave_5b1.5b,0,(217) 318-0970,https://image3.apartmentfinder.com/i2/BZ5uB2GCMDyNz35j9g3xv5hcPB0kAvFc0ihm4bbhZqk/117/507-w-kirby-ave-champaign-il-dining-room.jpg
503 E Springfield Ave_2b2b,0,(855) 556-2417,https://image1.apartmentfinder.com/i2/jt6wg56UXfmc1ZgBtnCRoOcmN-Z-N5X31BhEP9vRodw/117/503-e-springfield-ave-champaign-il-street-view.jpg
1615 Bassett Ln_4b3.5b,0,(844) 214-0107,https://image3.apartmentfinder.com/i2/UVD_tco6bCl3D_rieaqcL9SmXRgWKlChnWfjLWKmkKE/117/1615-bassett-ln-champaign-il-primary-photo.jpg
1308 Grandview Dr_1b1b,0,(217) 318-0920,https://image4.apartmentfinder.com/i2/GAJZgNjm5X5j6a1odZgD438op_2upbipwgMMLgGgMV0/117/1308-grandview-dr-champaign-il-primary-photo.jpg
207 E Healey St_1b1b,0,(217) 305-4083,https://image2.apartmentfinder.com/i2/Er2QiZVrtNvJscVJL_ZrNuxdewE9AKR9Id93-7ZH7JU/117/207-e-healey-st-champaign-il-primary-photo.jpg
107 E John St_1b1b,0,(217) 305-7376,https://image3.apartmentfinder.com/i2/BDYaNvQUp1gYKOQepw8S5eUndV8hNInL2xFyIjdTxdQ/117/107-e-john-st-champaign-il-primary-photo.jpg
105 E John St_1b1b,0,(844) 437-8787,https://image2.apartmentfinder.com/i2/hcDmCmAmJqoH86z5r9hZOx3iu26kvymnSdb-eRxhllA/117/105-e-john-st-champaign-il-primary-photo.jpg
110 E John St_1b1b,0,(844) 848-9566,https://image2.apartmentfinder.com/i2/r7ZZmSYiorctxSVMERUWbAdupkOx5Gw64APVWpArfzg/117/110-e-john-st-champaign-il-primary-photo.jpg
57 E Healey St_0b1b,0,(888) 834-9231,https://image1.apartmentfinder.com/i2/qL9OtQUzjxmiSnIiH_ARUcsL3K4SczLc78j16IyGvJQ/117/57-e-healey-st-champaign-il-primary-photo.jpg
1308 Grandview Dr_1b1b,0,(217) 318-0656,https://image1.apartmentfinder.com/i2/cLgvTgpFyiIimJy_zH1QtRLquuQzbNqnb0DDmT4_3iI/117/1308-grandview-dr-champaign-il-primary-photo.jpg
1407 Rosewood Dr_3b1b,0,(844) 286-0761,https://image4.apartmentfinder.com/i2/0P15FOa8jdzLMoAQROnot62DCaM2NnCn_ez1tH_RRQ4/117/1407-rosewood-dr-champaign-il-primary-photo.jpg
502 E Springfield Ave_3b2.5b,0,(217) 689-1159,https://image2.apartmentfinder.com/i2/kxgfSsiTpu__YGGRZPxWL6f2HnKRAREMpAs6yqN_AVA/117/502-e-springfield-ave-champaign-il-primary-photo.jpg
305 Birch St_1b1b,0,(217) 903-5112,https://image4.apartmentfinder.com/i2/nEKc9sE-3fr6naCC-lhxbUn7nefbewTkOQwQ4TP071A/117/305-birch-st-champaign-il-primary-photo.jpg
301 S 4th St_2b2b,0,(855) 556-2418,https://image4.apartmentfinder.com/i2/kAjCRskXCvByZjGe4I5zJ9Nn3pCNBc9INzt54nIFyFI/117/301-s-4th-st-champaign-il-street-view.jpg
307 Birch St_1b1b,0,(217) 318-0919,https://image3.apartmentfinder.com/i2/mwpI0vzDqZv1FTn5SJNgsQ7fSsjQz7htqJHn2bxbme8/117/307-birch-st-champaign-il-primary-photo.jpg
1208 S Elm Blvd_2b1b,0,(844) 276-9387,https://image4.apartmentfinder.com/i2/hDctOqjXLVHlvSTD3wIRVOtX7DbdqKfnBDsYeR7AiEI/117/1208-s-elm-blvd-champaign-il-great-corner-lot.jpg
310 Avondale Ave_2b1b,0,(217) 305-7816,https://image2.apartmentfinder.com/i2/GHOZXo-GHx09AkmB20hA7Yken-55wmdkMmWCnPyCdFI/117/310-avondale-ave-champaign-il-street-view.jpg
502 E Springfield Ave_3b2.5b,0,(217) 305-4338,https://image3.apartmentfinder.com/i2/BAuEUeR5a6LSp9PghfNbhJp7HCHL8SPdo4WDZS3EHwk/117/502-e-springfield-ave-champaign-il-primary-photo.jpg
502 E Springfield Ave_3b2b,0,(217) 305-7656,https://image1.apartmentfinder.com/i2/36_VLs5OiXzz7prISMVIfm8UBAbM25NYFznxyiVAkRk/117/502-e-springfield-ave-champaign-il-502-e-springfield-champaign.jpg
2606 Sheridan Dr_3b2b,0,(855) 491-0660,https://image4.apartmentfinder.com/i2/5OWXPKQ6OyWw6IwNHtSL8_FdEhCzWufIuLq1E5_yz3g/117/2606-sheridan-dr-champaign-il-primary-photo.jpg
501 Mitchell Ct_1b1b,0,(217) 305-7812,https://image3.apartmentfinder.com/i2/5R9qKr5R6F83QcnHivi2GwyRdd3zd9_WvMxnWdzAFSw/117/501-mitchell-ct-champaign-il-primary-photo.jpg
502 E Springfield Ave_3b2.5b,0,(217) 305-7753,https://image1.apartmentfinder.com/i2/54wEqBQTqa4u9nOfxyFCBFKZKkuTDpjXtOBdOqRCIXg/117/502-e-springfield-ave-champaign-il-primary-photo.jpg
305 Birch St_1b1b,0,(217) 305-7787,https://image2.apartmentfinder.com/i2/qIsLmaGDJw4hYowmOgqFbIKYzBB2J3YnwHnFUdnM5yQ/117/305-birch-st-champaign-il-primary-photo.jpg
311 Birch St_1b1b,0,(217) 305-7525,https://image2.apartmentfinder.com/i2/bEajvcpLvWjBH38VnICBdGUq2C2qZlE03qybJ6GVpx8/117/311-birch-st-champaign-il-primary-photo.jpg
709 W Green St_4b2b,0,(217) 689-2577,https://image2.apartmentfinder.com/i2/8J6TelMsyzujiejsMMI4-j3FKsDLBJe3qGAc1xftpVU/117/709-w-green-st-champaign-il-primary-photo.jpg
901 S 2nd St_4b2b,0,(217) 318-0822,https://image3.apartmentfinder.com/i2/HYUwNON4TxRTGcki0ROURt93Bx3Y_yUqOh6tlSIBgR4/117/901-s-2nd-st-champaign-il-primary-photo.jpg
2002 Blackthorn Dr_2b1.5b,0,(217) 903-4942,https://image4.apartmentfinder.com/i2/HgLiUjLomEp_T84kaDYSp8HF0FB0J3_SqYNTcPgOs6I/117/2002-blackthorn-dr-champaign-il-primary-photo.jpg
610 S Mattis Ave_2b1b,0,(217) 318-0846,https://image3.apartmentfinder.com/i2/XcoHUBukmKzKmcx0p32qcUSRYXV491_PdnAHx-p0tLQ/117/610-s-mattis-ave-champaign-il-primary-photo.jpg
606 S Mattis Ave_1b1b,0,(217) 305-4391,https://image3.apartmentfinder.com/i2/fXpymz85McZ6q07H66ILNEIymbLQpvxtI-9ZKB0CTME/117/606-s-mattis-ave-champaign-il-primary-photo.jpg
606 S Mattis Ave_2b1b,0,(217) 305-7092,https://image3.apartmentfinder.com/i2/aD1jXms_ZfmAnRGcnd_iDbWNfXXTr25x3ZHlGUOYbv0/117/606-s-mattis-ave-champaign-il-primary-photo.jpg
1106 Maplepark Dr_3b2b,0,(844) 286-4421,https://image1.apartmentfinder.com/i2/4vWiAQg0hOVgaN5-opeThBwErP-6WIpshQlTJzHpVy4/117/1106-maplepark-dr-champaign-il-primary-photo.jpg
603 E Clark St_1b1b,0,(844) 323-8402,https://image4.apartmentfinder.com/i2/zIQ_ITm2hwApvUZeqxzthkxDUsUYB_QcfpOATi67lTs/117/603-e-clark-st-champaign-il-primary-photo.jpg
612 Ventura Rd_3b1b,0,(217) 305-4404,https://image4.apartmentfinder.com/i2/1rx2q9WIbtu9yUBjKItDDM3jxeLazpDuqcUsoxnHRYY/117/612-ventura-rd-champaign-il-primary-photo.jpg
906 S Locust St_2b1b,0,(217) 903-4388,https://image3.apartmentfinder.com/i2/hTxMjSjtyrmFg3_fEGuymtUkc5M7L9z33dObamC1uFU/117/906-s-locust-st-champaign-il-primary-photo.jpg
705 S 1st St_3b1b,0,(217) 305-4103,https://image3.apartmentfinder.com/i2/emJth2_igXMHCCIAoxOM7jHnuCd2SmFEivwvrwqDpVY/117/705-s-1st-st-champaign-il-large-open-kitchen.jpg
705 S 1st St_3b1.5b,0,(217) 600-6321,https://image4.apartmentfinder.com/i2/FGfx0Zjz8MKVFCl96dm9sAKO12rKopXCn7lg7onT8Gk/117/705-s-1st-st-champaign-il-large-open-kitchen.jpg
705 S 1st St_4b2b,0,(217) 305-4567,https://image4.apartmentfinder.com/i2/O___kGhMsFSwGEeAyc2021Wen2O-neWxUsztO4Zsft4/117/705-s-1st-st-champaign-il-all-new-furniture.jpg
908 S Locust St_1b1b,0,(217) 305-7526,https://image2.apartmentfinder.com/i2/QfgsXw8rUEnTDZ-ANDcDe3Oybh_YjeeSt7JtpAO7Quw/117/908-s-locust-st-champaign-il-large-bedroom.jpg
101 E Daniel St_4b2b,0,(844) 328-0724,https://image2.apartmentfinder.com/i2/pioxDVohw7rGSrWRdQ66EwTPQ-53f3c6xzsq6R4TlKQ/117/101-e-daniel-st-champaign-il-primary-photo.jpg
1616A Maynard Dr_3b1.5b,0,(217) 305-4378,https://image4.apartmentfinder.com/i2/j-lS_xWwTuryKz6uSYqQyMEeQBcJWRYTHL2X-09ddQw/117/1616a-maynard-dr-champaign-il-primary-photo.jpg
211 W Columbia Ave_3b1b,0,No Information,https://image4.apartmentfinder.com/i2/Sq8jH4559zL3ecTaRW0MQ7huncYQoIIqZh9uNdiMbUE/117/211-w-columbia-ave-champaign-il-primary-photo.jpg
1603 W John St_3b2.5b,0,(855) 324-8992,https://image2.apartmentfinder.com/i2/YOW4SokkBm0PSgV-WA4COffnIUzavkNB_1fhk5NYF4M/117/1603-w-john-st-champaign-il-primary-photo.jpg
708 W Springfield Ave_2b1b,0,No Information,https://image3.apartmentfinder.com/i2/nmw-OP3LZkKqNykMv-Rvk0dS8ITEzOiTQhEke4mJe7I/117/708-w-springfield-ave-champaign-il-primary-photo.jpg
108 W Charles St_1b1b,0,No Information,https://image2.apartmentfinder.com/i2/f06fQAIfBBgjiGcMnoM2GMJEk8RKMhsK6c9NRf64jRA/117/108-w-charles-st-champaign-il-primary-photo.jpg
803 W Springfield Ave_1b1b,0,No Information,https://image4.apartmentfinder.com/i2/XHd8T4qE8myvgEy1DY9cLnKD2QKbPys3dhGc2I1Olpc/117/803-w-springfield-ave-champaign-il-primary-photo.jpg
311 S Prairie St_2b2b,0,No Information,https://image1.apartmentfinder.com/i2/1hJpbZ0Jdsxr8RilG4tanHXDQQnk_1604rW5WH7FIu8/117/311-s-prairie-st-champaign-il-primary-photo.jpg
Healey Street_2b1b,4,(844) 728-4765,https://image4.apartmentfinder.com/i2/JLAuXD7nmOoMZ3UggCpZelNrZrvqQuY9X3njB9NFhJU/117/healey-street-champaign-il-primary-photo.jpg
Anthony Drive_1b1b,4,(844) 306-6039,https://image2.apartmentfinder.com/i2/C-W3b8WrqqpPttfvWlVFOs9XIl_NnQFf1y5l_Nu89XI/117/anthony-drive-champaign-il-anthony-drive-apartments.jpg
Prairie Place_2b1b,3,(855) 891-9969,https://image4.apartmentfinder.com/i2/473O1zOZJUjI5u9dbxv4Zrx0dcuJVFhXCKle3MQfvJo/117/prairie-place-champaign-il-primary-photo.jpg
State Street_1b1b,4,(844) 405-0495,https://image4.apartmentfinder.com/i2/AiCl_x6qD8sf1stLQf6j-QaoAGKqW1xWPmWK7eUUKlo/117/state-street-champaign-il-primary-photo.jpg
211 Springfield Apartments_2b1b,3,(844) 285-1280,https://image4.apartmentfinder.com/i2/uo-nl-jcS8FIFOdvG2pSGzKQJAWm4D8b6lJHCCdPMD4/117/211-springfield-apartments-champaign-il-primary-photo.jpg
Colonial South_1b1b,4,(855) 374-8758,https://image2.apartmentfinder.com/i2/o1YxPJ_aRBXpjKjyBKYwk8Qa2FXeiagy1UEVKrhMvR4/117/colonial-south-champaign-il-primary-photo.jpg
Clark Street House_1b1b,4,(217) 903-4463,https://image1.apartmentfinder.com/i2/XH8rp14-ggr3dKnEdFfdyxLMsnBDGrpYMPQu-6s2ur0/117/clark-street-house-champaign-il-primary-photo.jpg
Healey Townhomes_2b2.5b,4,(217) 689-0744,https://image4.apartmentfinder.com/i2/VnVtBDAgEyptzNQyfpN4N75YX5jqtA6d986MFustmCc/117/healey-townhomes-champaign-il-primary-photo.jpg
Green Street_2b1b,4,(844) 254-7881,https://image3.apartmentfinder.com/i2/9nySLZ6XghKCM-Aa_Nw7tWrqOw614OhULcAOZtkdgXk/117/green-street-champaign-il-green-street-apartments.jpg
Clark Street_2b1b,4,(844) 292-4531,https://image4.apartmentfinder.com/i2/GfrWeQeOI7IB5FcwJTZRdVs2HzY2oXYBnN2-Eql2aVY/117/clark-street-champaign-il-clark-street-apartments.jpg
Stoneleigh Court_2b1.5b,4,(217) 318-0963,https://image2.apartmentfinder.com/i2/yCk_bcITh7bdW2ewc_cRi2--Ez9nhfohUWbbZGUSjFU/117/stoneleigh-court-champaign-il-primary-photo.jpg
2511 Leeper Dr_2b1b,0,(217) 840-1070,https://image2.apartmentfinder.com/i2/SClAQj4-fokFlk0QaotAExck1HpzV_rY_fa3oVeegGc/117/2511-leeper-dr-champaign-il-primary-photo.jpg
2513 Leeper Dr_2b1b,0,(217) 840-1070,https://image4.apartmentfinder.com/i2/CjUkrYdcoGdRIxa412c4KSzGI_SbobvSnT51bsNvP4E/117/2513-leeper-dr-champaign-il-primary-photo.jpg
503 S Locust St_4b3b,0,(217) 722-9000,https://image4.apartmentfinder.com/i2/MXtk_UNvF0ymACL1-vS5vnA9pXO2NeKx-32MbyeVbA0/117/503-s-locust-st-champaign-il-primary-photo.jpg
25 E John St_4b4b,0,(217) 722-9000,https://image3.apartmentfinder.com/i2/WKYOt1iccklhQog_ReIO0H7fx43iAaxDWbFHm1AryOM/117/25-e-john-st-champaign-il-primary-photo.jpg
1013 S 1st St_4b4b,0,(217) 722-9000,https://image3.apartmentfinder.com/i2/-p--72slgx-yPOAAK9_PViuze79ed_bsXcroS2LmujI/117/1013-s-1st-st-champaign-il-primary-photo.jpg
707 S 1st St_3b2b,0,(217) 722-9000,https://image4.apartmentfinder.com/i2/9sc68qIm6OcH_g1aAr26SQOsuimi7ubbWC6dsaZPvGg/117/707-s-1st-st-champaign-il-primary-photo.jpg
101 E Chalmers St_5b4b,0,(217) 722-9000,https://image3.apartmentfinder.com/i2/XRb78EtA-Oem55ASBQIV4W_hDAJ3AnlxZ-AlwDMmIn0/117/101-e-chalmers-st-champaign-il-primary-photo.jpg
31 E John St_4b4b,0,(217) 722-9000,https://image3.apartmentfinder.com/i2/iyb8EitNSnwgGM8Nv-YuggUn2Pq2PXXJTo0w1110c-w/117/31-e-john-st-champaign-il-primary-photo.jpg
33 E John St_4b4b,0,(217) 722-9000,https://image3.apartmentfinder.com/i2/OHbyXJKuFFBeBolrtxGmubuf0VxLYLV6LyFEB7JisoE/117/33-e-john-st-champaign-il-primary-photo.jpg
1004 S 1st St_4b4b,0,(217) 722-9000,https://image1.apartmentfinder.com/i2/4dIsEy0Di7XZT8nL0RPIgiQDYj7L9PZj5BXOiF0jeI4/117/1004-s-1st-st-champaign-il-primary-photo.jpg
609 S State St_3b2b,0,(217) 352-5509,https://image3.apartmentfinder.com/i2/VeRYmO6W-GGDDRqMP-vb3P0LuHVF_N4eZRqm2mzRsRI/117/609-s-state-st-champaign-il-primary-photo.jpg
1801 Lynwood Dr_2b1b,0,(217) 352-5509,https://image4.apartmentfinder.com/i2/GJk5Vp0GNehQyu4LWIpkVNkPH71b0N9vPZgfmZqNC1s/117/1801-lynwood-dr-champaign-il-primary-photo.jpg
919 W Harvard St_2b1b,0,(217) 607-1645,https://image4.apartmentfinder.com/i2/_Jw8kDouviJc1URDNXQoqHUpmww3D1_VmnoW1a6YFcM/117/919-w-harvard-st-champaign-il-primary-photo.jpg
1211 N Walnut St_2b1b,0,(217) 607-1645,https://image2.apartmentfinder.com/i2/RMmSBQeFEmRKXQ1rwPUsZYI2GcepjtHf4-2V5YEPx8s/117/1211-n-walnut-st-champaign-il-primary-photo.png
1604 Coronado Dr_1b1b,0,(217) 607-1645,https://image3.apartmentfinder.com/i2/o3XjuxpXgwjN2_K06RtzrNBWkT9JIaJoy2rEgPVEqmQ/117/1604-coronado-dr-champaign-il-primary-photo.jpg
1711 W John St_2b1b,0,(217) 352-5509,https://image2.apartmentfinder.com/i2/QsCWVN_rKV-y12OwfkI8qTO7VXUtID3xCNzV06X2Hzo/117/1711-w-john-st-champaign-il-primary-photo.jpg
208 S Prospect Ave_3b1.5b,0,(217) 418-2642,https://image4.apartmentfinder.com/i2/vqRWxYlZ5zcy-mjykEygaDctFPipiKPgE6ZVbS3Tf74/117/208-s-prospect-ave-champaign-il-primary-photo.jpg
1411 Greenbriar Dr_2b1b,0,(217) 352-5509,https://image2.apartmentfinder.com/i2/e3srOY9b5IEqa6M_5dP-oPo1ISvs1UOHhQ6WE3sDWdE/117/1411-greenbriar-dr-champaign-il-primary-photo.jpg
16 Colony W Dr_2b1.5b,0,(217) 352-5509,https://image3.apartmentfinder.com/i2/wkfm7P5Y2BTUYjXoI09Pu8sJvwDpZR0XFOZCLgmltqc/117/16-colony-w-dr-champaign-il-primary-photo.jpg
709 Bethume Ct_4b1b,0,(217) 607-1645,https://image3.apartmentfinder.com/i2/goY2yiQlHYpT-8nQG49bK4VFCadIyg_tadBEVa7XjYI/117/709-bethume-ct-champaign-il-primary-photo.png
310 Cedar St_1b1b,0,(217) 352-5509,https://image1.apartmentfinder.com/i2/y-fHmkvqlaC8J6ueCGAcpK1Vg8PLS21ZMUVGPv9U3yQ/117/310-cedar-st-champaign-il-primary-photo.jpg
824 W Harvard St_2b1b,0,(217) 352-5509,https://image2.apartmentfinder.com/i2/VT2pRbMOLKhiR0zEBR8_sMnH_muHjgs9qp9p9XO1L3I/117/824-w-harvard-st-champaign-il-primary-photo.jpg
1902 Nancy Ct_2b1b,0,(217) 418-2642,https://image4.apartmentfinder.com/i2/5FWT0B87LICFlMsIJYwqXIjLeyn7BXq66tTzN7I8W_I/117/1902-nancy-ct-champaign-il-primary-photo.jpg
501 W Green St_1b1b,0,(217) 352-5509,https://image2.apartmentfinder.com/i2/Dvu7b0f6nzJ7K8jFJBMhvRl6QQlbyfSimAVRYj19dos/117/501-w-green-st-champaign-il-primary-photo.jpg
1012 W Eureka St_4b1.5b,0,(217) 418-2642,https://image4.apartmentfinder.com/i2/jx3zIaWHuQjJaNMz_0ib-Rt10VgcSrjqP2i_kiMjX68/117/1012-w-eureka-st-champaign-il-primary-photo.jpg
826 W Harvard St_2b1b,0,(217) 352-5509,https://image4.apartmentfinder.com/i2/lppwqlCXx4xf2ePfoPJTK4AJenKWyg3cIgIVBJVgOOQ/117/826-w-harvard-st-champaign-il-primary-photo.jpg
1901 Nancy Ct_2b1.5b,0,(217) 418-2642,https://image3.apartmentfinder.com/i2/fBboV4toOFHS8zAzI_xcDhuCbPhga3wWR45vGh1dSXA/117/1901-nancy-ct-champaign-il-primary-photo.jpg
1901 Nancy Ct_2b1.5b,0,(217) 418-2642,https://image2.apartmentfinder.com/i2/w5JWsNK5PJld-HGz-H_JM5GZRNiEkikXlLorfK8RCx4/117/1901-nancy-ct-champaign-il-primary-photo.jpg
1601 Valley Rd_2b1b,0,(217) 356-4012,https://image2.apartmentfinder.com/i2/CylskfPPaFavcRAH-cFBxRKQGTDpej2gn63URHato-c/117/1601-valley-rd-champaign-il-primary-photo.jpg
1809 Valley Rd_2b1b,0,(217) 356-4012,https://image3.apartmentfinder.com/i2/SRgeVMRDIcNFZ_Xt2vtBIOD7EsGJ2dedDDO5T93PbiY/117/1809-valley-rd-champaign-il-primary-photo.jpg
1786 Valley Rd_2b1.5b,0,(217) 356-4012,https://image2.apartmentfinder.com/i2/6mi6IZ1LR8gL-V3juQl-7aaLB4v4AZe-5qYolT_DYtA/117/1786-valley-rd-champaign-il-primary-photo.jpg
1815 Valley Rd_2b1b,0,(217) 356-4012,https://image1.apartmentfinder.com/i2/JtyF9XAYFoJDLy91j-Azvvdx-BSNZIipDylPFg4MgAw/117/1815-valley-rd-champaign-il-primary-photo.jpg
1703 Valley Rd_2b1b,0,(217) 356-4012,https://image3.apartmentfinder.com/i2/CoYQXANwwiV9nSPiKgjH4PA4eTjlB2IsT6hxQn5efck/117/1703-valley-rd-champaign-il-primary-photo.jpg
1616 Valley Rd_2b1.5b,0,(217) 356-4012,https://image2.apartmentfinder.com/i2/FyMLJYYUeky6tjcTDR3RE5FXV6gegdyreiLLiI70cxA/117/1616-valley-rd-champaign-il-primary-photo.jpg
1605 Valley Rd_2b1b,0,(217) 356-4012,https://image4.apartmentfinder.com/i2/mrXj98CmoCXL-Q0i0RoEm5G3djZ9Tt8S90kToaCZY9I/117/1605-valley-rd-champaign-il-primary-photo.jpg
1723 Valley Rd_2b1b,0,(217) 356-4012,https://image3.apartmentfinder.com/i2/n2ysDo6toQA33fKD2mkR_1ynz07Lx1y6ib3-YGKid5o/117/1723-valley-rd-champaign-il-primary-photo.jpg
1811 Valley Rd_2b1b,0,(217) 356-4012,https://image2.apartmentfinder.com/i2/wCzDlxuYSqxJ8IMQ2kIrRGXgYey9WATkpSNYs3z5Row/117/1811-valley-rd-champaign-il-primary-photo.jpg
1811 Valley Rd_2b1b,0,(217) 356-4012,https://image1.apartmentfinder.com/i2/-GNpVqVi7QWftbBdgqawet6oriQZnEO0bvMyArQxsUo/117/1811-valley-rd-champaign-il-primary-photo.jpg
1611 Valley Rd_2b1b,0,(217) 356-4012,https://image1.apartmentfinder.com/i2/ecALoc_qdY1DFTCLXtpfkZEvBGelF_d4mpHu3oTeKBU/117/1611-valley-rd-champaign-il-primary-photo.jpg
1733 Valley Rd_2b1b,0,(217) 356-4012,https://image3.apartmentfinder.com/i2/P-sQn5L8l1xZb_pzsBzcaOGVL1j5Ij9fKLsc4bD7zfE/117/1733-valley-rd-champaign-il-primary-photo.jpg
1831 Valley Rd_2b1b,0,(217) 356-4012,https://image4.apartmentfinder.com/i2/HK69TcHWZVSlhk-XPzqICPDInZm_FMT7Cq8axOtwvdw/117/1831-valley-rd-champaign-il-primary-photo.jpg
1733 Valley Rd_2b1b,0,(217) 356-4012,https://image1.apartmentfinder.com/i2/DGOtmoqCSRbOZIIKEgBtqLvrdfxrW_i8SuqGSumeGoc/117/1733-valley-rd-champaign-il-primary-photo.jpg
1626 Valley Rd_2b1.5b,0,(217) 356-4012,https://image1.apartmentfinder.com/i2/NHfNTjTBkO5stBlw25dJ67CrLnshG8-EWEezHVCN-Zs/117/1626-valley-rd-champaign-il-primary-photo.jpg
1676 Valley Rd_2b1.5b,0,(217) 356-4012,https://image3.apartmentfinder.com/i2/0xQk9iCm5tLDAUOhFkTBovRDWZeRIkQjxjdUvmzEonE/117/1676-valley-rd-champaign-il-primary-photo.jpg
1603 Valley Rd_2b1b,0,(217) 356-4012,https://image2.apartmentfinder.com/i2/Ar3JuavZtUzNoWnaD_cGDCaHiAUGtOetWVS8yUOl24I/117/1603-valley-rd-champaign-il-primary-photo.jpg
1823 Valley Rd_2b1b,0,(217) 356-4012,https://image1.apartmentfinder.com/i2/vIFhPGZr1_FWeExEhG6q4ODIcKtQWAaSttY47BvSe2I/117/1823-valley-rd-champaign-il-primary-photo.jpg
1703 Valley Rd_2b1b,0,(217) 356-4012,https://image4.apartmentfinder.com/i2/-Alz4rsdkPMqp3aiURAC0HP-bDd6mfssljttOwCCoMc/117/1703-valley-rd-champaign-il-primary-photo.jpg
1622 Valley Rd_2b1.5b,0,(217) 356-4012,https://image3.apartmentfinder.com/i2/cqnbHuee1xBADbkmI2OLr63CTTaCnAjL1VtrzDideDM/117/1622-valley-rd-champaign-il-primary-photo.jpg
1609 Valley Rd_2b1b,0,(217) 356-4012,https://image2.apartmentfinder.com/i2/wHZEBEp4X8DTAGEuEvFfoBhD4FRsJLHkWL8trY2hRKg/117/1609-valley-rd-champaign-il-primary-photo.jpg
1720 Valley Rd_2b1.5b,0,(217) 356-4012,https://image3.apartmentfinder.com/i2/j9OexjNB2wKA8msEwExNkIiwGauiqqZwm9DrbZAArAE/117/1720-valley-rd-champaign-il-primary-photo.jpg
1605 Valley Rd_2b1b,0,(217) 356-4012,https://image2.apartmentfinder.com/i2/O0MBjjzGGir_IcSU7XDI9p-8iiwGH18jY0WWkRB6DkM/117/1605-valley-rd-champaign-il-primary-photo.jpg
1735 Valley Rd_2b1b,0,(217) 356-4012,https://image3.apartmentfinder.com/i2/jF7uRbKN5RXBf05RnLNdAvDeyWntuAVd-_atmDNAuA4/117/1735-valley-rd-champaign-il-primary-photo.jpg
1650 Valley Rd_2b1.5b,0,(217) 356-4012,https://image4.apartmentfinder.com/i2/-kbpozgUCj8KcphQ5yRtAKnzc-qgcLC-kuqhjV8gzNE/117/1650-valley-rd-champaign-il-primary-photo.jpg
1609 Valley Rd_2b1b,0,(217) 356-4012,https://image1.apartmentfinder.com/i2/yfQ-kas8i_nmCQob7PdZtCrC27AHntguT-FFWNcTcHY/117/1609-valley-rd-champaign-il-primary-photo.jpg
1613 Valley Rd_2b1b,0,(217) 356-4012,https://image4.apartmentfinder.com/i2/qtJFQkl60i1uQQviKsMY3HtsSPS7gFTnnn4qqHrZydU/117/1613-valley-rd-champaign-il-primary-photo.jpg
1718 Valley Rd_2b1.5b,0,(217) 356-4012,https://image1.apartmentfinder.com/i2/e0to06WYOg6bvdSVs6odZukfot0dcHiwdfqiEQsm7n8/117/1718-valley-rd-champaign-il-primary-photo.jpg
1656 Valley Rd_2b1.5b,0,(217) 356-4012,https://image2.apartmentfinder.com/i2/N4UdP9uD0dE1qKQSmv010GvnYRkobmCi-kU646v2SXw/117/1656-valley-rd-champaign-il-primary-photo.jpg
1732 Valley Rd_2b1.5b,0,(217) 356-4012,https://image3.apartmentfinder.com/i2/J6tfMmgTTaUL7B3FLmiHR-V6Y6aB7y-iufkTrkfLfXk/117/1732-valley-rd-champaign-il-primary-photo.jpg
1711 Valley Rd_2b1b,0,(217) 356-4012,https://image4.apartmentfinder.com/i2/zDOkH1G9e86o2KCmq3cUN5RD3aH3pXot4F0mbgq4W-s/117/1711-valley-rd-champaign-il-primary-photo.jpg
1701 Valley Rd_2b1b,0,(217) 356-4012,https://image4.apartmentfinder.com/i2/ZXusupfG1x3lQo94dzQ1GrufH2vY62oIi76DX9295MI/117/1701-valley-rd-champaign-il-primary-photo.jpg
56 E Healey St_1b1b,0,(217) 356-8750,https://image2.apartmentfinder.com/i2/Uj63v78PNO05H6Etoq04fBMBiohYelX3Aw-9awYwjk0/117/56-e-healey-st-champaign-il-primary-photo.jpg
308 1/2 E Clark St_4b2.5b,0,(217) 356-8750,https://image3.apartmentfinder.com/i2/Ht2FkO9UmUr3hVPvvMxiI_CF6svU4Ko3yQpqgzs201Q/117/308-12-e-clark-st-champaign-il-primary-photo.png
305 E White St_3b1b,0,(217) 356-8750,https://image2.apartmentfinder.com/i2/ok-T34ByT9IYDcp3x5zirP_ptC19FH65ciqRlI78GQE/117/305-e-white-st-champaign-il-primary-photo.jpg
308 1/2 E Clark St_8b5b,0,(217) 356-8750,https://image2.apartmentfinder.com/i2/Zm7FJhR7Po7mt0DAU3IvdiPwwXaFUfqpo23yy5WS5JY/117/308-12-e-clark-st-champaign-il-primary-photo.png
2600 W John St_3b2b,0,(217) 384-8001,https://image4.apartmentfinder.com/i2/IWFej3FIBKnLCIozLGtkSU9_nc-h29ph_DgQNnJ5o-Y/117/2600-w-john-st-champaign-il-primary-photo.jpg
1507 Harrington Dr_3b2b,0,(217) 693-5676,https://image2.apartmentfinder.com/i2/my-3YuQkPF0WhqCe47FoidILbUvFjCZxevI1DtDJbwM/117/1507-harrington-dr-champaign-il-primary-photo.jpg
2001 S Mattis Ave_2b1b,0,(217) 649-9444,https://image4.apartmentfinder.com/i2/QEl9LjNr7uGC3XveOLbod-mdlSBFxwnkao3RT1CKcwU/117/2001-s-mattis-ave-champaign-il-primary-photo.jpg
1807 Lynwood_2b1b,0,(217) 384-8001,https://image3.apartmentfinder.com/i2/Evg3B9BjI8yyzPPJHP-hoAy5crL0CsVurw_xoJK3m7A/117/1807-lynwood-dr-champaign-il-primary-photo.jpg
305 S Prairie St_4b2b,0,(217) 384-8001,https://image4.apartmentfinder.com/i2/Sm1HA4NKooEqjWH1HKieLUVdhbdhCHHlkN6MI5CyLi8/117/305-s-prairie-st-champaign-il-primary-photo.jpg
310 W Washington St_2b1b,0,(217) 384-8001,https://image3.apartmentfinder.com/i2/84vLC2Bd-NY1frBQk_yf-ASScCpzWhqWpRTET5oxrx4/117/310-w-washington-st-champaign-il-primary-photo.jpg
811 Ventura Rd_3b2b,0,(217) 384-8001,https://image1.apartmentfinder.com/i2/9A-epbQQlWQi555yTKgNbCDHXbwlDKzxweGC5t1T3ng/117/811-ventura-rd-champaign-il-primary-photo.jpg
210 Brookwood Dr_2b1b,0,(217) 352-5509,https://image3.apartmentfinder.com/i2/CnEpdFOffCRRgB9zukiX8id97lHpIsmZ1TmVgLPCk9w/117/210-brookwood-dr-champaign-il-primary-photo.jpg
5 Villard Ct_2b1b,0,(217) 419-7831,https://image4.apartmentfinder.com/i2/ZGJPcYSsUwJdRA54FE0hPc42eI0SULqkztOECH3P3Vs/117/5-villard-ct-champaign-il-primary-photo.jpg
407 W White_2b1b,0,(217) 384-8001,https://image2.apartmentfinder.com/i2/Y-TWtPz8Km0lRoZDX2tZVOoitS8FAcgYP9ii5uETlJA/117/407-w-white-st-champaign-il-primary-photo.jpg
301 S Garfield Ave_3b1b,0,(217) 352-5509,https://image2.apartmentfinder.com/i2/EcJ55zjrseevW5uUnXcBVBuk1wqf_2-1PuJt2J8QNVw/117/301-s-garfield-ave-champaign-il-primary-photo.jpg
1212 Centennial Dr_3b1b,0,(217) 352-5509,https://image1.apartmentfinder.com/i2/nXQxd6UNpXLh2Hozx-3ef2HRhqt-uT6Jcd1z2gGljbs/117/1212-centennial-dr-champaign-il-primary-photo.jpg
906 N Willis Ave_3b1b,0,(217) 352-5509,https://image1.apartmentfinder.com/i2/GsD2IvbhUD5G-RN9YxQxZJMSMdufTHs8BqvrmTdji5Y/117/906-n-willis-ave-champaign-il-primary-photo.jpg
303 S 5th St_4b4b,5,(217) 383-0919,https://image1.apartmentfinder.com/i2/2yAAUHcOXQadFTeGWcj5IeINxFp_wmcb4TLb5U2vJWM/117/303-s-5th-st-champaign-il-primary-photo.jpg
314 E Clark St_3b3b,4,(217) 305-7689,https://image2.apartmentfinder.com/i2/1BQuqO20nKh2ty4UwvECZTymkcsaLS01OGj74ijq2ts/117/314-e-clark-st-champaign-il-primary-photo.jpg
Lincolnshire Townhomes_2b1b,4,(844) 291-6497,https://image4.apartmentfinder.com/i2/kdPOw-lXmGJGwLWnIiKRN6K6FTietX9oS6hDtto_VvM/117/lincolnshire-townhomes-champaign-il-primary-photo.jpg
48 E John St_4b2b,4,(844) 851-2139,https://image3.apartmentfinder.com/i2/XZq7a3Se2RlK1uCRSW5G7zQ0EMWmO1ySLyLlEiIOM7I/117/48-e-john-st-champaign-il-primary-photo.jpg
Burnham310_3b3b,5,(217) 305-4621,https://image3.apartmentfinder.com/i2/khiGndof3M03QP6_uRUMUm0Btxz86pFTkFum8fJVfZE/117/burnham310-champaign-il-primary-photo.jpg
606 E White St_3b3b,4,(217) 305-7759,https://image4.apartmentfinder.com/i2/CHqkQkEt02CPboCkMXszdvx-vpr-76R6bFIkQuFaC5o/117/606-e-white-st-champaign-il-primary-photo.jpg
Campus Center_4b1b,5,(217) 305-7809,https://image4.apartmentfinder.com/i2/KfKGefd03imv4mT_dLAuqZUhxyED7nlquRjxSWJfqIc/117/campus-center-champaign-il-primary-photo.jpg
106 E Armory Ave_4b3b,5,(217) 305-4573,https://image2.apartmentfinder.com/i2/sAP_ms0QPkhY3dJVfou-ULuL6VMRk2yMUXlSGM-0qg8/117/106-e-armory-ave-champaign-il-primary-photo.jpg
51 E Green St_2b1b,4,(844) 877-7072,https://image2.apartmentfinder.com/i2/3Iq0IqOzHywwxUxwwiDUNSYsCOibdllLn4wVZKdXDVc/117/51-e-green-st-champaign-il-primary-photo.jpg
Champaign House_3b1.5b,4,(217) 318-3743,https://image3.apartmentfinder.com/i2/cjBsOHuj1uqBygX1XFWqrSlHo2lnpYrTRRCDo_QS6Qo/117/champaign-house-champaign-il-champaign-house-apartments.jpg
The Tower at 3rd_2b1b,5,(844) 297-1185,https://image3.apartmentfinder.com/i2/utfDsR39jfP0fVHtFC5PeV5Sz0o7UFbzgHaWkuinlWE/117/the-tower-at-3rd-champaign-il-primary-photo.jpg
UIUC Campustown - 515 Bash_3b1.5b,4,(844) 841-5216,https://image1.apartmentfinder.com/i2/iY3QJmsWfHkc53gN5FICIrw9bTyuEgNVnwYGSFrIc1Y/117/uiuc-campustown---515-bash-champaign-il-primary-photo.jpg
Lando Place_2b1b,4,(217) 866-0335,https://image2.apartmentfinder.com/i2/1KclTqbsPZRRQQm75BZiYkAkRie5LSilxvLfK_VWUrs/117/lando-place-champaign-il-primary-photo.jpg
208-210 E White St_3b1b,3,(844) 810-3077,https://image3.apartmentfinder.com/i2/2Ncs2doJD5mIU1e21O2Mcum79xY9haP7RJB-C5FIFDc/117/208-210-e-white-st-champaign-il-primary-photo.jpg
HERE Apartments_4b4b,5,(217) 764-8138,https://image2.apartmentfinder.com/i2/zJ3O-npzbv-ELxifTAvTP2WOts1kLztL6ZGaZpQLRiM/117/here-apartments-champaign-il-kitchen.jpg
Douglass Square Apartments_1b1b,5,(844) 709-1011,https://image1.apartmentfinder.com/i2/TtNmtjyJTN2ZO8oR793YQnBMu3U5H9oW9b9NNlS0JMw/117/douglass-square-apartments-champaign-il-primary-photo.jpg
808 S Oak St_4b2b,3,(217) 903-4509,https://image3.apartmentfinder.com/i2/Kn1HymaGsiNOGsPk-ecmQQgfZlutZx0_IplGCFD1S7c/117/808-s-oak-st-champaign-il-primary-photo.jpg
205 S 6th St_4b2b,4,(217) 903-4397,https://image4.apartmentfinder.com/i2/zmALRcIdsEzXzVIf9P7xV-CznYVgHGwBxI67bwJLzxI/117/205-s-6th-st-champaign-il-primary-photo.jpg
Midway_3b1b,5,(217) 689-2473,https://image3.apartmentfinder.com/i2/Dryxz2HBF51CQP7c3hONYhAs4pq0KB4zRHFh9LYsPdg/117/midway-champaign-il-building-photo.jpg
Illini Manor_1b1b,4,(844) 286-9002,https://image1.apartmentfinder.com/i2/LDuWet5mfEv1YiQ5JmUJX_ps1AhzQhgCnP2hc--7V9U/117/illini-manor-champaign-il-primary-photo.jpg
107 E Springfield Ave_4b2b,3,(844) 870-9976,https://image2.apartmentfinder.com/i2/QJNWit_Tzlo0NFmNkxzF58VHcDayRbjtHbZU6gzyeWU/117/107-e-springfield-ave-champaign-il-primary-photo.jpg
408 E Healey St_4b2b,4,(844) 872-7490,https://image2.apartmentfinder.com/i2/7fqIny-QzjhGttWuvpphyCGsiKi59EjbVMYPQGXW9-k/117/408-e-healey-st-champaign-il-primary-photo.jpg
Skylight Court_3b2b,4,(217) 305-7713,https://image1.apartmentfinder.com/i2/7DXK6jhUtSp3Et9-xvC3tGJbw70xM3KI_hLAJ9geXco/117/skylight-court-champaign-il-primary-photo.jpg
309 Green_4b2b,5,(844) 507-1303,https://image2.apartmentfinder.com/i2/h4-nqcQRHLapU_6GCmgM0Zi4Zs_U4PPM1tuJclcwB0s/117/309-green-champaign-il-primary-photo.jpg
Park Place Tower_4b2.5b,4,(217) 305-7532,https://image4.apartmentfinder.com/i2/1khdQT20lEQ5YGPCwyEmqSnRisFwAn65AkxWLUSjItI/117/park-place-tower-champaign-il-primary-photo.jpg
1107 S 2nd St_4b2b,3,(217) 305-7707,https://image4.apartmentfinder.com/i2/dK3zsRhmcSvGH0yjIrXW6q3xxPqLlvGJXNfs-pcNDsY/117/1107-s-2nd-st-champaign-il-primary-photo.jpg
316 Cedar_2b1b,3,(217) 305-7078,https://image1.apartmentfinder.com/i2/8U3oFEqBu4cFY6p0KViIHJGdX8YWg96nBOfIAKf3GeE/117/316-cedar-champaign-il-primary-photo.jpg
503 E Springfield_2b2b,4,(217) 305-7712,https://image4.apartmentfinder.com/i2/vwtjH49ShvdDCeBJcK3aXPp6Jsk9_4LpQ86_CQdFQZg/117/503-e-springfield-champaign-il-primary-photo.jpg
202 E Chalmers St_4b3b,4,(844) 811-3182,https://image3.apartmentfinder.com/i2/yVsjUVbHMwR5IWaB8_Bd6vX2iy-ekOAHuvJsQXcBJVc/117/202-e-chalmers-st-champaign-il-primary-photo.jpg
Armory Place_4b2b,4,(844) 890-8285,https://image1.apartmentfinder.com/i2/ENBS0fMteuY6qnDGApvvKUiJASVBaAx-xAmNxXkDMPg/117/armory-place-champaign-il-primary-photo.jpg
57 E Chalmers St_4b2b,0,(844) 852-0380,https://image2.apartmentfinder.com/i2/r9ZRkOmZFkAIykvHrUj23kPPT1c_ee3ihkewf21APs4/117/57-e-chalmers-st-champaign-il-primary-photo.jpg
213 W Green St_2b2b,5,(217) 305-4534,https://image3.apartmentfinder.com/i2/3E3WWCQPwQ5-5ODmrAmDwRRGPgGAWUZmXAmVd2ceE6w/117/213-w-green-st-champaign-il-primary-photo.jpg
903-909 S Locust St_4b2b,0,(844) 852-0383,https://image2.apartmentfinder.com/i2/KsG_Q3Eli2G_bEi2YU7Zc-uPqg2d5LwwB2U7ItEqOiQ/117/903-909-s-locust-st-champaign-il-primary-photo.jpg
UIUC Campustown - 309 Daniel_4b1b,4,(844) 259-2415,https://image3.apartmentfinder.com/i2/nKn1cTlPF07eZT5yaDQNptgJKjk3Pkouzo8T_8Ad4rU/117/uiuc-campustown---309-daniel-champaign-il-primary-photo.jpg
505 E Healey St_5b2b,4,(217) 305-7372,https://image2.apartmentfinder.com/i2/2ZDQ7EayFxyU5KMjk8WaOKK2JxRySzlssLAGUStTweI/117/505-e-healey-st-champaign-il-primary-photo.jpg
Green Street Towers_4b4b,4,(217) 305-7106,https://image4.apartmentfinder.com/i2/favvK04xTLm3X0OXpH3BhW-Y9hXecdQSDTOKT15MX3s/117/green-street-towers-champaign-il-primary-photo.jpg
507 E Clark St_1b1b,4,(217) 305-7088,https://image1.apartmentfinder.com/i2/zHworusZ6NlJ0_gaE0i7vW9HJT9-rEUzFpe74gRrUaQ/117/507-e-clark-st-champaign-il-primary-photo.jpg
408 E Stoughton St_2b1b,3,(217) 305-7077,https://image4.apartmentfinder.com/i2/P2TRQbXl5o5-wFfBJIzld5ZrEQ18svea5P3PhBzyexY/117/408-e-stoughton-st-champaign-il-primary-photo.jpg
201 E Healey St_4b2b,4,No Information,https://image4.apartmentfinder.com/i2/dYWEyKXaMg6NgLm_W4NrSR1kO3wzZ2lgFMfHB7BLAdw/117/201-e-healey-st-champaign-il-primary-photo.jpg
312 W Washington St_2b1b,4,No Information,https://image2.apartmentfinder.com/i2/CqcWJxII0unbixmUu60AOpQ4sLB_lBqbiCuuZb8tnKM/117/312-w-washington-st-champaign-il-primary-photo.jpg
Chalmers Manor_2b1b,4,(217) 305-7744,https://image1.apartmentfinder.com/i2/hxJmK49Ri7B9f3WWYwVyMVle8KU2uMH_n1Hr78Y8Dwk/117/chalmers-manor-champaign-il-primary-photo.jpg
314 E White St_3b2b,5,(217) 305-7726,https://image4.apartmentfinder.com/i2/OnqGpqYmCOwxVHhVr8-1ySCjG8f_8RGW6ZJwaOdhcNY/117/314-e-white-st-champaign-il-tadeniran-researcher.jpg
Park Place_2b2b,4,(844) 817-1835,https://image3.apartmentfinder.com/i2/GfSySSIgRU7KUe_unPT3ajxrrDAhnZKQSiMxAhpb2JY/117/park-place-champaign-il-tuscany-park.jpg
Loft 59_4b2.5b,4,(844) 835-0610,https://image2.apartmentfinder.com/i2/PIWgbC1AR_pBpPQmprNuLN_5l0G0chbB8Enou_1R4AA/117/loft-59-champaign-il-primary-photo.jpg
204 S Fifth_3b2b,5,(844) 438-6693,https://image3.apartmentfinder.com/i2/uhjHaRTLSVvJBeCriINWjn4tP6UF9hm0JEbSgR0JorQ/117/204-s-fifth-champaign-il-204-s-5th-st.jpg
1103 Euclid St_5b2b,4,(844) 684-4280,https://image3.apartmentfinder.com/i2/LbEC8JR5IP61bI7OVoEDoii9pFHK1IvW2XdxXnycIW0/117/1103-euclid-st-champaign-il-1103-euclid-street.jpg
107 E Healey St_1b1b,4,(844) 811-3184,https://image3.apartmentfinder.com/i2/9rq77xb3LQ1FszcTMB7ISv-S1AQrxAae9NjsVF_8rqI/117/107-e-healey-st-champaign-il-primary-photo.jpg
105 S Wright St_4b2b,4,(844) 811-3189,https://image2.apartmentfinder.com/i2/ACG2B8ij8ATxYDy2M96s_mlHzMZEP7wjkRO2r0S7P2g/117/105-s-wright-st-champaign-il-primary-photo.jpg
105 E John St_2b1b,4,(217) 305-7081,https://image4.apartmentfinder.com/i2/fSc9WlJkP-nRXVPO4J2Yrq4dheBzo2UH3_VQiPeV1hs/117/105-e-john-st-champaign-il-primary-photo.jpg
Country Brook Apartments_3b2.5b,4,(844) 286-1296,https://image2.apartmentfinder.com/i2/u8lBBuVVYMrVjrywi5sTQJBelwgV1EFU9tALylIZljE/117/country-brook-apartments-champaign-il-primary-photo.jpg
202 E John St_6b2b,3,(844) 740-1865,https://image2.apartmentfinder.com/i2/v0qy7r2C1eOMM0tVfmXr3DiUuhHDIt5a1EBLqZ0sYTs/117/202-e-john-st-champaign-il-primary-photo.jpg
The Avenue Court_1b1b,4,(844) 870-9975,https://image4.apartmentfinder.com/i2/h1ZGIizcHiUO5HqlEo7AeHquUXZbSgSEZ96g1eQ8ZmU/117/the-avenue-court-champaign-il-primary-photo.jpg
408 Springfield_4b2b,4,(844) 286-8195,https://image3.apartmentfinder.com/i2/4sSorMGKDVGuAuOZKWdf1vrkZdqTJ9l1CVsVvnRpFWU/117/408-springfield-champaign-il-primary-photo.jpg
The Quarters_2b1b,5,(844) 740-8836,https://image2.apartmentfinder.com/i2/2EcseY429zTvUWQMLBW4N15JtwSJzCL4L6ACvOJnMnU/117/the-quarters-champaign-il-primary-photo.jpg
54 E John St_5b1b,3,(844) 348-9194,https://image1.apartmentfinder.com/i2/7fiVWAi6DvYPLTbAbsjdSzZposTRTKyeR2HYXf25rv8/117/54-e-john-st-champaign-il-primary-photo.jpg
Green Street Apartments_2b1b,4,No Information,https://image1.apartmentfinder.com/i2/TbK7JIL8ga2gAnuAXZhAQYRR0OHuDj18DAYBUDeR6VU/117/green-street-apartments-champaign-il-primary-photo.jpg
Inman Place_2b1b,4,(844) 486-0314,https://image2.apartmentfinder.com/i2/dg_NoGE4gDeN3cF_gd2q5vuvLZzNhZ2fwIc6xtAeUdE/117/inman-place-champaign-il-primary-photo.jpg
The Suites at Third_4b4b,5,(844) 316-2080,https://image1.apartmentfinder.com/i2/ZFY9HNAk4IeLkwATlQOwKgWS-3bDaMwF3XFFul8F4a8/117/the-suites-at-third-champaign-il-primary-photo.jpg
203 S 4th St_4b3b,0,(217) 318-0106,https://image4.apartmentfinder.com/i2/T-xOPL4iM8aQXeDuArFVHelIVLB-eIqnaIpnF6ZBv1U/117/203-s-4th-st-champaign-il-primary-photo.jpg
501 E University Ave_3b2b,5,(217) 305-4536,https://image4.apartmentfinder.com/i2/8d6e18Hc6I92FjpQ7BPFeJhAbjZVn0UzKPptn3qFxQo/117/501-e-university-ave-champaign-il-primary-photo.jpg
Providence at Sycamore Hills_3b2b,5,(844) 519-0611,https://image3.apartmentfinder.com/i2/t60HySfC6uupU-CSafrPp-YdkCn6D9ABt22GEGMAW04/117/providence-at-sycamore-hills-champaign-il-primary-photo.jpg
212 E White St_2b1b,4,(844) 835-3705,https://image2.apartmentfinder.com/i2/Mr_Z6cke0hjtN4bJgrpBDwqjF1GNNMmk_pHUWF0ETf8/117/212-e-white-st-champaign-il-primary-photo.jpg
608 E White St_3b1.5b,4,(844) 835-3704,https://image2.apartmentfinder.com/i2/_bXtHR-3chZsoExDoQSh6PTnmVacZ7NZKhR7N2HFg_s/117/608-e-white-st-champaign-il-primary-photo.jpg
608 E Chalmers St_4b1b,2,(844) 848-5982,https://image4.apartmentfinder.com/i2/luFvslacTgUO90gFGZLmmj677VFAOSzLuSZpgbjp_AM/117/608-e-chalmers-st-champaign-il-primary-photo.jpg
404 E Clark St_3b1b,0,No Information,https://image2.apartmentfinder.com/i2/oW_Gv0nKGONUWGW7MLvQNA6LNC-KWcOjx7GfLhe_C6E/117/404-e-clark-st-champaign-il-primary-photo.jpg
505 South First_4b2b,5,(844) 517-4315,https://image2.apartmentfinder.com/i2/CJbp5KeCw6skpWXruoDVeB_bTLxrMhl42klfzN5Z3WQ/117/505-south-first-champaign-il-primary-photo.jpg
103 E Chalmers St_4b2b,5,No Information,https://image4.apartmentfinder.com/i2/EHikO9P4qP97M33khW6knwq9oUwivL_WNDFUdYb5FrM/117/103-e-chalmers-st-champaign-il-primary-photo.jpg
301 E Chalmers_4b2b,4,(844) 468-6535,https://image2.apartmentfinder.com/i2/QdvoUK87kIpvZMFxmB2DSTr5BHLGUcftRoA29nujs-E/117/301-e-chalmers-champaign-il-primary-photo.jpg
510 E White St_4b2b,3,(844) 834-4583,https://image3.apartmentfinder.com/i2/ENj4I7G5w5XQ50ezTkg8b3Po-rLbIR-afRySA2ffYeI/117/510-e-white-st-champaign-il-primary-photo.jpg
312 E White St_3b2b,3,(844) 205-9321,https://image1.apartmentfinder.com/i2/bQrNjPCQJfwU1z3EHqzRTXrrEiafmxNZq6Rghg-CGU0/117/312-e-white-st-champaign-il-primary-photo.jpg
308 E Armory Ave_4b2b,4,(844) 469-6461,https://image1.apartmentfinder.com/i2/bc9SKHVP14tqQEhkAQNQVy8Qv8B3uX3Puo8BjE_q2Ow/117/308-e-armory-ave-champaign-il-primary-photo.jpg
Oakwood Trace_3b1.5b,4,(844) 369-7346,https://image1.apartmentfinder.com/i2/yfsAPG_3gfnDL4fLOk9-fowsX8h5rKKsPWkfGaSssJk/117/oakwood-trace-champaign-il-primary-photo.jpg
Illini Tower_4b2b,5,(217) 903-4534,https://image4.apartmentfinder.com/i2/7CaSEx_SkMYi6W_VWikKXGKWVceP3U8N5gqGq-G3BdA/117/illini-tower-champaign-il-tower.jpg
Bankier Apartments_4b2b,4,(844) 531-7097,https://image4.apartmentfinder.com/i2/BsSxiqi-LXVzKV4wbyB1k30X60C1Pw6ULR0_VL0qxno/117/bankier-apartments-champaign-il-primary-photo.jpg
615 W Kirby Ave_4b2b,3,(217) 689-1507,https://image4.apartmentfinder.com/i2/YeVs39nBRuQ6ARXySzm1surDGXB8hNRBW_JfyC6LUbs/117/615-w-kirby-ave-champaign-il-primary-photo.jpg
